id,source_type,source_code,hospital_code,hospital_name,state,category,service_name,original_service_name,charge_type,citizenship,patient_class,patient_type,ward_class,room_type,price_rm,price_unit,original_price_text,notes,source_name,source_url,source_updated_at,scraped_at
hpsf-a48996567b10c6c4,hospital,HPSF,HPSF,"Hospital Pakar Sultanah Fatimah, Muar",Johor,Ward Deposit,Medicine,Medicine,ward admission deposit,Malaysian,citizen,,Class 1,,1050.0,deposit,"RM 1,050",,Hospital Pakar Sultanah Fatimah Official Website,https://jknjohor.moh.gov.my/hpsf/caj-bayaran/,2024-04-17,2026-08-25T14:22:02.393864+00:00
hpsf-0c34699c8a02d9ba,hospital,HPSF,HPSF,"Hospital Pakar Sultanah Fatimah, Muar",Johor,Ward Deposit,Medicine,Medicine,ward admission deposit,Malaysian,citizen,,Class 2,,200.0,deposit,RM 200,,Hospital Pakar Sultanah Fatimah Official Website,https://jknjohor.moh.gov.my/hpsf/caj-bayaran/,2024-04-17,2026-08-25T14:22:02.393864+00:00
hpsf-97090e4e0d04e482,hospital,HPSF,HPSF,"Hospital Pakar Sultanah Fatimah, Muar",Johor,Ward Deposit,Medicine,Medicine,ward admission deposit,Malaysian,citizen,,Class 3,,20.0,deposit,RM 20,,Hospital Pakar Sultanah Fatimah Official Website,https://jknjohor.moh.gov.my/hpsf/caj-bayaran/,2024-04-17,2026-08-25T14:22:02.393864+00:00
hpsf-8ff97e520c76e065,hospital,HPSF,HPSF,"Hospital Pakar Sultanah Fatimah, Muar",Johor,Ward Deposit,Medicine,Medicine,ward admission deposit,Non-Malaysian,foreigner,,Class 1,,7000.0,deposit,"RM 7,000",,Hospital Pakar Sultanah Fatimah Official Website,https://jknjohor.moh.gov.my/hpsf/caj-bayaran/,2024-04-17,2026-08-25T14:22:02.393864+00:00
hpsf-a989fe07807c7705,hospital,HPSF,HPSF,"Hospital Pakar Sultanah Fatimah, Muar",Johor,Ward Deposit,Medicine,Medicine,ward admission deposit,Non-Malaysian,foreigner,,Class 2,,3000.0,deposit,"RM 3,000",,Hospital Pakar Sultanah Fatimah Official Website,https://jknjohor.moh.gov.my/hpsf/caj-bayaran/,2024-04-17,2026-08-25T14:22:02.393864+00:00
hpsf-77ebdd7bb0f34fc2,hospital,HPSF,HPSF,"Hospital Pakar Sultanah Fatimah, Muar",Johor,Ward Deposit,Medicine,Medicine,ward admission deposit,Non-Malaysian,foreigner,,Class 3,,1400.0,deposit,"RM 1,400",,Hospital Pakar Sultanah Fatimah Official Website,https://jknjohor.moh.gov.my/hpsf/caj-bayaran/,2024-04-17,2026-08-25T14:22:02.393864+00:00
hpsf-0ff9b49efe7d9889,hospital,HPSF,HPSF,"Hospital Pakar Sultanah Fatimah, Muar",Johor,Ward Deposit,Surgery,Surgery,ward admission deposit,Malaysian,citizen,,Class 1,,1650.0,deposit,"RM 1,650",,Hospital Pakar Sultanah Fatimah Official Website,https://jknjohor.moh.gov.my/hpsf/caj-bayaran/,2024-04-17,2026-08-25T14:22:02.393864+00:00
hpsf-15fc417004316184,hospital,HPSF,HPSF,"Hospital Pakar Sultanah Fatimah, Muar",Johor,Ward Deposit,Surgery,Surgery,ward admission deposit,Malaysian,citizen,,Class 2,,400.0,deposit,RM 400,,Hospital Pakar Sultanah Fatimah Official Website,https://jknjohor.moh.gov.my/hpsf/caj-bayaran/,2024-04-17,2026-08-25T14:22:02.393864+00:00
hpsf-d9d5dae7fe9afaba,hospital,HPSF,HPSF,"Hospital Pakar Sultanah Fatimah, Muar",Johor,Ward Deposit,Surgery,Surgery,ward admission deposit,Malaysian,citizen,,Class 3,,30.0,deposit,RM 30,,Hospital Pakar Sultanah Fatimah Official Website,https://jknjohor.moh.gov.my/hpsf/caj-bayaran/,2024-04-17,2026-08-25T14:22:02.393864+00:00
hpsf-a54bb044e4cab91b,hospital,HPSF,HPSF,"Hospital Pakar Sultanah Fatimah, Muar",Johor,Ward Deposit,Surgery,Surgery,ward admission deposit,Non-Malaysian,foreigner,,Class 1,,11000.0,deposit,"RM 11,000",,Hospital Pakar Sultanah Fatimah Official Website,https://jknjohor.moh.gov.my/hpsf/caj-bayaran/,2024-04-17,2026-08-25T14:22:02.393864+00:00
hpsf-f15e386e54532462,hospital,HPSF,HPSF,"Hospital Pakar Sultanah Fatimah, Muar",Johor,Ward Deposit,Surgery,Surgery,ward admission deposit,Non-Malaysian,foreigner,,Class 2,,5000.0,deposit,"RM 5,000",,Hospital Pakar Sultanah Fatimah Official Website,https://jknjohor.moh.gov.my/hpsf/caj-bayaran/,2024-04-17,2026-08-25T14:22:02.393864+00:00
hpsf-813cd3e4a6eb9035,hospital,HPSF,HPSF,"Hospital Pakar Sultanah Fatimah, Muar",Johor,Ward Deposit,Surgery,Surgery,ward admission deposit,Non-Malaysian,foreigner,,Class 3,,2800.0,deposit,"RM 2,800",,Hospital Pakar Sultanah Fatimah Official Website,https://jknjohor.moh.gov.my/hpsf/caj-bayaran/,2024-04-17,2026-08-25T14:22:02.393864+00:00
hpsf-7c48c7a18cc6aeac,hospital,HPSF,HPSF,"Hospital Pakar Sultanah Fatimah, Muar",Johor,Ward Deposit,Obstetrics / Gynaecology,Obstetrics / Gynaecology,ward admission deposit,Malaysian,citizen,,Class 1,,800.0,deposit,RM 800,,Hospital Pakar Sultanah Fatimah Official Website,https://jknjohor.moh.gov.my/hpsf/caj-bayaran/,2024-04-17,2026-08-25T14:22:02.393864+00:00
hpsf-309a1c9ff0c87e0c,hospital,HPSF,HPSF,"Hospital Pakar Sultanah Fatimah, Muar",Johor,Ward Deposit,Obstetrics / Gynaecology,Obstetrics / Gynaecology,ward admission deposit,Malaysian,citizen,,Class 2,,350.0,deposit,RM 350,,Hospital Pakar Sultanah Fatimah Official Website,https://jknjohor.moh.gov.my/hpsf/caj-bayaran/,2024-04-17,2026-08-25T14:22:02.393864+00:00
hpsf-c54eeab38e5f4319,hospital,HPSF,HPSF,"Hospital Pakar Sultanah Fatimah, Muar",Johor,Ward Deposit,Obstetrics / Gynaecology,Obstetrics / Gynaecology,ward admission deposit,Malaysian,citizen,,Class 3,,15.0,deposit,RM 15,,Hospital Pakar Sultanah Fatimah Official Website,https://jknjohor.moh.gov.my/hpsf/caj-bayaran/,2024-04-17,2026-08-25T14:22:02.393864+00:00
hpsf-59fb2b1222dbed51,hospital,HPSF,HPSF,"Hospital Pakar Sultanah Fatimah, Muar",Johor,Ward Deposit,Obstetrics / Gynaecology,Obstetrics / Gynaecology,ward admission deposit,Non-Malaysian,foreigner,,Class 1,,7000.0,deposit,"RM 7,000",,Hospital Pakar Sultanah Fatimah Official Website,https://jknjohor.moh.gov.my/hpsf/caj-bayaran/,2024-04-17,2026-08-25T14:22:02.393864+00:00
hpsf-686315d55f2084f3,hospital,HPSF,HPSF,"Hospital Pakar Sultanah Fatimah, Muar",Johor,Ward Deposit,Obstetrics / Gynaecology,Obstetrics / Gynaecology,ward admission deposit,Non-Malaysian,foreigner,,Class 2,,5000.0,deposit,"RM 5,000",,Hospital Pakar Sultanah Fatimah Official Website,https://jknjohor.moh.gov.my/hpsf/caj-bayaran/,2024-04-17,2026-08-25T14:22:02.393864+00:00
hpsf-870e54f102653fe4,hospital,HPSF,HPSF,"Hospital Pakar Sultanah Fatimah, Muar",Johor,Ward Deposit,Obstetrics / Gynaecology,Obstetrics / Gynaecology,ward admission deposit,Non-Malaysian,foreigner,,Class 3,,2800.0,deposit,"RM 2,800",,Hospital Pakar Sultanah Fatimah Official Website,https://jknjohor.moh.gov.my/hpsf/caj-bayaran/,2024-04-17,2026-08-25T14:22:02.393864+00:00
hpsf-1e3ee3f6c73f373a,hospital,HPSF,HPSF,"Hospital Pakar Sultanah Fatimah, Muar",Johor,Outpatient,Emergency registration,Emergency registration,registration fee,Malaysian,citizen,,,,1.0,,RM 1,,Hospital Pakar Sultanah Fatimah Official Website,https://jknjohor.moh.gov.my/hpsf/caj-bayaran/,2024-04-17,2026-08-25T14:22:02.393864+00:00
hpsf-c4fa5991887fd700,hospital,HPSF,HPSF,"Hospital Pakar Sultanah Fatimah, Muar",Johor,Outpatient,Emergency registration,Emergency registration,registration fee,Non-Malaysian (eligible public category),resident,,,,1.0,,RM 1,,Hospital Pakar Sultanah Fatimah Official Website,https://jknjohor.moh.gov.my/hpsf/caj-bayaran/,2024-04-17,2026-08-25T14:22:02.393864+00:00
hpsf-7b6077e5e42b1cdd,hospital,HPSF,HPSF,"Hospital Pakar Sultanah Fatimah, Muar",Johor,Outpatient,Emergency registration,Emergency registration,registration fee,Non-Malaysian,foreigner,,,,100.0,,RM 100,,Hospital Pakar Sultanah Fatimah Official Website,https://jknjohor.moh.gov.my/hpsf/caj-bayaran/,2024-04-17,2026-08-25T14:22:02.393864+00:00
hpsf-5f35e88702a5a5e2,hospital,HPSF,HPSF,"Hospital Pakar Sultanah Fatimah, Muar",Johor,Outpatient,Specialist registration,Specialist registration,registration fee,Malaysian,citizen,,,,5.0,,RM 5,,Hospital Pakar Sultanah Fatimah Official Website,https://jknjohor.moh.gov.my/hpsf/caj-bayaran/,2024-04-17,2026-08-25T14:22:02.393864+00:00
hpsf-342451d581f7deb7,hospital,HPSF,HPSF,"Hospital Pakar Sultanah Fatimah, Muar",Johor,Outpatient,Specialist registration,Specialist registration,registration fee,Non-Malaysian (eligible public category),resident,,,,5.0,,RM 5,,Hospital Pakar Sultanah Fatimah Official Website,https://jknjohor.moh.gov.my/hpsf/caj-bayaran/,2024-04-17,2026-08-25T14:22:02.393864+00:00
hpsf-a33b522c9dc3c8bd,hospital,HPSF,HPSF,"Hospital Pakar Sultanah Fatimah, Muar",Johor,Outpatient,Specialist registration,Specialist registration,registration fee,Non-Malaysian,foreigner,,,,120.0,,RM 120,,Hospital Pakar Sultanah Fatimah Official Website,https://jknjohor.moh.gov.my/hpsf/caj-bayaran/,2024-04-17,2026-08-25T14:22:02.393864+00:00
hpsf-70c55eb996c23f97,hospital,HPSF,HPSF,"Hospital Pakar Sultanah Fatimah, Muar",Johor,Specialist Clinic,Government referral - first visit,Government referral - first visit,specialist clinic consultation,Malaysian,citizen,,,,0.0,per visit,Free,,Hospital Pakar Sultanah Fatimah Official Website,https://jknjohor.moh.gov.my/hpsf/caj-bayaran/,2024-04-17,2026-08-25T14:22:02.393864+00:00
hpsf-1141162d4e1148c6,hospital,HPSF,HPSF,"Hospital Pakar Sultanah Fatimah, Muar",Johor,Specialist Clinic,Government referral - follow-up,Government referral - follow-up,specialist clinic consultation,Malaysian,citizen,,,,5.0,per visit,RM 5,,Hospital Pakar Sultanah Fatimah Official Website,https://jknjohor.moh.gov.my/hpsf/caj-bayaran/,2024-04-17,2026-08-25T14:22:02.393864+00:00
hpsf-9a2b4def6b489bdd,hospital,HPSF,HPSF,"Hospital Pakar Sultanah Fatimah, Muar",Johor,Specialist Clinic,Private referral - first visit,Private referral - first visit,specialist clinic consultation,Malaysian,citizen,,,,30.0,per visit,RM 30,,Hospital Pakar Sultanah Fatimah Official Website,https://jknjohor.moh.gov.my/hpsf/caj-bayaran/,2024-04-17,2026-08-25T14:22:02.393864+00:00
hpsf-3f0830eda8a5f7e4,hospital,HPSF,HPSF,"Hospital Pakar Sultanah Fatimah, Muar",Johor,Specialist Clinic,Private referral - follow-up,Private referral - follow-up,specialist clinic consultation,Malaysian,citizen,,,,5.0,per visit,RM 5,,Hospital Pakar Sultanah Fatimah Official Website,https://jknjohor.moh.gov.my/hpsf/caj-bayaran/,2024-04-17,2026-08-25T14:22:02.393864+00:00
hpsf-e70d9d5629e47011,hospital,HPSF,HPSF,"Hospital Pakar Sultanah Fatimah, Muar",Johor,Specialist Clinic,Post-discharge follow-up,Post-discharge follow-up,specialist clinic consultation,Malaysian,citizen,,,,5.0,per visit,RM 5,,Hospital Pakar Sultanah Fatimah Official Website,https://jknjohor.moh.gov.my/hpsf/caj-bayaran/,2024-04-17,2026-08-25T14:22:02.393864+00:00
hpsf-ab3f5405559a9784,hospital,HPSF,HPSF,"Hospital Pakar Sultanah Fatimah, Muar",Johor,Ward Charges,Class 1 - one-bedded room,Class 1 - one-bedded room,ward charge,Malaysian,citizen,,Class 1,Class 1 - one-bedded room,120.0,per day,RM 120,,Hospital Pakar Sultanah Fatimah Official Website,https://jknjohor.moh.gov.my/hpsf/caj-bayaran/,2024-04-17,2026-08-25T14:22:02.393864+00:00
hpsf-3040b116c2a33b3d,hospital,HPSF,HPSF,"Hospital Pakar Sultanah Fatimah, Muar",Johor,Ward Charges,Class 1 - one-bedded room,Class 1 - one-bedded room,ward charge,Non-Malaysian,foreigner,,Class 1,Class 1 - one-bedded room,320.0,per day,RM 320,,Hospital Pakar Sultanah Fatimah Official Website,https://jknjohor.moh.gov.my/hpsf/caj-bayaran/,2024-04-17,2026-08-25T14:22:02.393864+00:00
hpsf-73579c8325977b0e,hospital,HPSF,HPSF,"Hospital Pakar Sultanah Fatimah, Muar",Johor,Ward Charges,Class 1 - two-bedded room,Class 1 - two-bedded room,ward charge,Malaysian,citizen,,Class 1,Class 1 - two-bedded room,90.0,per day,RM 90,,Hospital Pakar Sultanah Fatimah Official Website,https://jknjohor.moh.gov.my/hpsf/caj-bayaran/,2024-04-17,2026-08-25T14:22:02.393864+00:00
hpsf-08a0812739872bdc,hospital,HPSF,HPSF,"Hospital Pakar Sultanah Fatimah, Muar",Johor,Ward Charges,Class 1 - two-bedded room,Class 1 - two-bedded room,ward charge,Non-Malaysian,foreigner,,Class 1,Class 1 - two-bedded room,240.0,per day,RM 240,,Hospital Pakar Sultanah Fatimah Official Website,https://jknjohor.moh.gov.my/hpsf/caj-bayaran/,2024-04-17,2026-08-25T14:22:02.393864+00:00
hpsf-31fea351385a17e2,hospital,HPSF,HPSF,"Hospital Pakar Sultanah Fatimah, Muar",Johor,Ward Charges,Class 1 - four-bedded room,Class 1 - four-bedded room,ward charge,Malaysian,citizen,,Class 1,Class 1 - four-bedded room,60.0,per day,RM 60,,Hospital Pakar Sultanah Fatimah Official Website,https://jknjohor.moh.gov.my/hpsf/caj-bayaran/,2024-04-17,2026-08-25T14:22:02.393864+00:00
hpsf-96581f8077f96435,hospital,HPSF,HPSF,"Hospital Pakar Sultanah Fatimah, Muar",Johor,Ward Charges,Class 1 - four-bedded room,Class 1 - four-bedded room,ward charge,Non-Malaysian,foreigner,,Class 1,Class 1 - four-bedded room,200.0,per day,RM 200,,Hospital Pakar Sultanah Fatimah Official Website,https://jknjohor.moh.gov.my/hpsf/caj-bayaran/,2024-04-17,2026-08-25T14:22:02.393864+00:00
hpsf-6d11c1cb21bb505e,hospital,HPSF,HPSF,"Hospital Pakar Sultanah Fatimah, Muar",Johor,Ward Charges,Class 2,Class 2,ward charge,Malaysian,citizen,,Class 2,Class 2,40.0,per day,RM 40,,Hospital Pakar Sultanah Fatimah Official Website,https://jknjohor.moh.gov.my/hpsf/caj-bayaran/,2024-04-17,2026-08-25T14:22:02.393864+00:00
hpsf-f4fccdccf6fb947f,hospital,HPSF,HPSF,"Hospital Pakar Sultanah Fatimah, Muar",Johor,Ward Charges,Class 2,Class 2,ward charge,Non-Malaysian,foreigner,,Class 2,Class 2,180.0,per day,RM 180,,Hospital Pakar Sultanah Fatimah Official Website,https://jknjohor.moh.gov.my/hpsf/caj-bayaran/,2024-04-17,2026-08-25T14:22:02.393864+00:00
hpsf-3d87534b0734c364,hospital,HPSF,HPSF,"Hospital Pakar Sultanah Fatimah, Muar",Johor,Ward Charges,Class 3,Class 3,ward charge,Malaysian,citizen,,Class 3,Class 3,3.0,per day,RM 3,,Hospital Pakar Sultanah Fatimah Official Website,https://jknjohor.moh.gov.my/hpsf/caj-bayaran/,2024-04-17,2026-08-25T14:22:02.393864+00:00
hpsf-47df68a7e49421b3,hospital,HPSF,HPSF,"Hospital Pakar Sultanah Fatimah, Muar",Johor,Ward Charges,Class 3,Class 3,ward charge,Non-Malaysian,foreigner,,Class 3,Class 3,160.0,per day,RM 160,,Hospital Pakar Sultanah Fatimah Official Website,https://jknjohor.moh.gov.my/hpsf/caj-bayaran/,2024-04-17,2026-08-25T14:22:02.393864+00:00
hpsf-5fd377f140a20e99,hospital,HPSF,HPSF,"Hospital Pakar Sultanah Fatimah, Muar",Johor,Inpatient Treatment,Class 1 daily treatment,Class 1 daily treatment,inpatient treatment charge,Malaysian,citizen,,Class 1,,15.0,per day,RM 15,,Hospital Pakar Sultanah Fatimah Official Website,https://jknjohor.moh.gov.my/hpsf/caj-bayaran/,2024-04-17,2026-08-25T14:22:02.393864+00:00
hpsf-1a9681c5630f8494,hospital,HPSF,HPSF,"Hospital Pakar Sultanah Fatimah, Muar",Johor,Inpatient Treatment,Class 1 daily treatment,Class 1 daily treatment,inpatient treatment charge,Non-Malaysian,foreigner,,Class 1,,100.0,per day,RM 100,,Hospital Pakar Sultanah Fatimah Official Website,https://jknjohor.moh.gov.my/hpsf/caj-bayaran/,2024-04-17,2026-08-25T14:22:02.393864+00:00
hpsf-13ae91135208d33e,hospital,HPSF,HPSF,"Hospital Pakar Sultanah Fatimah, Muar",Johor,Inpatient Treatment,Class 2 daily treatment,Class 2 daily treatment,inpatient treatment charge,Malaysian,citizen,,Class 2,,5.0,per day,RM 5,,Hospital Pakar Sultanah Fatimah Official Website,https://jknjohor.moh.gov.my/hpsf/caj-bayaran/,2024-04-17,2026-08-25T14:22:02.393864+00:00
hpsf-d571aa23c9cb4f5c,hospital,HPSF,HPSF,"Hospital Pakar Sultanah Fatimah, Muar",Johor,Inpatient Treatment,Class 2 daily treatment,Class 2 daily treatment,inpatient treatment charge,Non-Malaysian,foreigner,,Class 2,,100.0,per day,RM 100,,Hospital Pakar Sultanah Fatimah Official Website,https://jknjohor.moh.gov.my/hpsf/caj-bayaran/,2024-04-17,2026-08-25T14:22:02.393864+00:00
hpsf-ac72a813f78e8f1a,hospital,HPSF,HPSF,"Hospital Pakar Sultanah Fatimah, Muar",Johor,Inpatient Treatment,Class 3 daily treatment,Class 3 daily treatment,inpatient treatment charge,Malaysian,citizen,,Class 3,,0.0,per day,Free,,Hospital Pakar Sultanah Fatimah Official Website,https://jknjohor.moh.gov.my/hpsf/caj-bayaran/,2024-04-17,2026-08-25T14:22:02.393864+00:00
hpsf-eee25dec9ba6410f,hospital,HPSF,HPSF,"Hospital Pakar Sultanah Fatimah, Muar",Johor,Inpatient Treatment,Class 3 daily treatment,Class 3 daily treatment,inpatient treatment charge,Non-Malaysian,foreigner,,Class 3,,100.0,per day,RM 100,,Hospital Pakar Sultanah Fatimah Official Website,https://jknjohor.moh.gov.my/hpsf/caj-bayaran/,2024-04-17,2026-08-25T14:22:02.393864+00:00
hpsf-c73e49030d4ece48,hospital,HPSF,HPSF,"Hospital Pakar Sultanah Fatimah, Muar",Johor,Other Published Charges,Delivery room,Delivery room,facility charge,Non-Malaysian,foreigner,,,,300.0,per day,RM 300,,Hospital Pakar Sultanah Fatimah Official Website,https://jknjohor.moh.gov.my/hpsf/caj-bayaran/,2024-04-17,2026-08-25T14:22:02.393864+00:00
hpsf-3e57bcd13ed05c77,hospital,HPSF,HPSF,"Hospital Pakar Sultanah Fatimah, Muar",Johor,Other Published Charges,Intensive Care Unit (ICU),Intensive Care Unit (ICU),facility charge,Non-Malaysian,foreigner,,,,360.0,per day,RM 360,,Hospital Pakar Sultanah Fatimah Official Website,https://jknjohor.moh.gov.my/hpsf/caj-bayaran/,2024-04-17,2026-08-25T14:22:02.393864+00:00
hpsf-403ba98dfe8d3372,hospital,HPSF,HPSF,"Hospital Pakar Sultanah Fatimah, Muar",Johor,Other Published Charges,Neonatal Intensive Care Unit (NICU),Neonatal Intensive Care Unit (NICU),facility charge,Non-Malaysian,foreigner,,,,300.0,per day,RM 300,,Hospital Pakar Sultanah Fatimah Official Website,https://jknjohor.moh.gov.my/hpsf/caj-bayaran/,2024-04-17,2026-08-25T14:22:02.393864+00:00
hpsf-ac59d423f4eb727c,hospital,HPSF,HPSF,"Hospital Pakar Sultanah Fatimah, Muar",Johor,Other Published Charges,Incubator nursery,Incubator nursery,facility charge,Non-Malaysian,foreigner,,,,170.0,per day,RM 170,,Hospital Pakar Sultanah Fatimah Official Website,https://jknjohor.moh.gov.my/hpsf/caj-bayaran/,2024-04-17,2026-08-25T14:22:02.393864+00:00
hpsf-24a897bec39d82dc,hospital,HPSF,HPSF,"Hospital Pakar Sultanah Fatimah, Muar",Johor,Other Published Charges,Special nursery,Special nursery,facility charge,Non-Malaysian,foreigner,,,,140.0,per day,RM 140,,Hospital Pakar Sultanah Fatimah Official Website,https://jknjohor.moh.gov.my/hpsf/caj-bayaran/,2024-04-17,2026-08-25T14:22:02.393864+00:00
hpsf-c2a43a9e05b95d7b,hospital,HPSF,HPSF,"Hospital Pakar Sultanah Fatimah, Muar",Johor,Other Published Charges,Normal nursery,Normal nursery,facility charge,Non-Malaysian,foreigner,,,,60.0,per day,RM 60,,Hospital Pakar Sultanah Fatimah Official Website,https://jknjohor.moh.gov.my/hpsf/caj-bayaran/,2024-04-17,2026-08-25T14:22:02.393864+00:00
hpsf-76da9220acc787a2,hospital,HPSF,HPSF,"Hospital Pakar Sultanah Fatimah, Muar",Johor,Delivery / Maternity,Normal delivery,Normal delivery,delivery charge,Malaysian,citizen,,Class 1,,450.0,,RM 450,,Hospital Pakar Sultanah Fatimah Official Website,https://jknjohor.moh.gov.my/hpsf/caj-bayaran/,2024-04-17,2026-08-25T14:22:02.393864+00:00
hpsf-854cf25c36428cef,hospital,HPSF,HPSF,"Hospital Pakar Sultanah Fatimah, Muar",Johor,Delivery / Maternity,Normal delivery,Normal delivery,delivery charge,Malaysian,citizen,,Class 2,,150.0,,RM 150,,Hospital Pakar Sultanah Fatimah Official Website,https://jknjohor.moh.gov.my/hpsf/caj-bayaran/,2024-04-17,2026-08-25T14:22:02.393864+00:00
hpsf-22984b424a1a527f,hospital,HPSF,HPSF,"Hospital Pakar Sultanah Fatimah, Muar",Johor,Delivery / Maternity,Normal delivery,Normal delivery,delivery charge,Malaysian,citizen,,Class 3,,10.0,,RM 10,,Hospital Pakar Sultanah Fatimah Official Website,https://jknjohor.moh.gov.my/hpsf/caj-bayaran/,2024-04-17,2026-08-25T14:22:02.393864+00:00
hpsf-9e188a94e85e572a,hospital,HPSF,HPSF,"Hospital Pakar Sultanah Fatimah, Muar",Johor,Delivery / Maternity,Normal delivery,Normal delivery,delivery charge,Non-Malaysian,foreigner,,,,2593.0,,"RM 2,593",,Hospital Pakar Sultanah Fatimah Official Website,https://jknjohor.moh.gov.my/hpsf/caj-bayaran/,2024-04-17,2026-08-25T14:22:02.393864+00:00
hpsf-b2cff0a35eb37450,hospital,HPSF,HPSF,"Hospital Pakar Sultanah Fatimah, Muar",Johor,Delivery / Maternity,Caesarean delivery,Caesarean delivery,delivery charge,Malaysian,citizen,,Class 1,,1200.0,,"RM 1,200",,Hospital Pakar Sultanah Fatimah Official Website,https://jknjohor.moh.gov.my/hpsf/caj-bayaran/,2024-04-17,2026-08-25T14:22:02.393864+00:00
hpsf-ef4f6854e6419505,hospital,HPSF,HPSF,"Hospital Pakar Sultanah Fatimah, Muar",Johor,Delivery / Maternity,Caesarean delivery,Caesarean delivery,delivery charge,Malaysian,citizen,,Class 2,,400.0,,RM 400,,Hospital Pakar Sultanah Fatimah Official Website,https://jknjohor.moh.gov.my/hpsf/caj-bayaran/,2024-04-17,2026-08-25T14:22:02.393864+00:00
hpsf-c4ad24148b169b61,hospital,HPSF,HPSF,"Hospital Pakar Sultanah Fatimah, Muar",Johor,Delivery / Maternity,Caesarean delivery,Caesarean delivery,delivery charge,Malaysian,citizen,,Class 3,,100.0,,RM 100,,Hospital Pakar Sultanah Fatimah Official Website,https://jknjohor.moh.gov.my/hpsf/caj-bayaran/,2024-04-17,2026-08-25T14:22:02.393864+00:00
hpsf-b323fafd0fdf48dd,hospital,HPSF,HPSF,"Hospital Pakar Sultanah Fatimah, Muar",Johor,Delivery / Maternity,Caesarean delivery,Caesarean delivery,delivery charge,Non-Malaysian,foreigner,,,,3021.0,,"RM 3,021",,Hospital Pakar Sultanah Fatimah Official Website,https://jknjohor.moh.gov.my/hpsf/caj-bayaran/,2024-04-17,2026-08-25T14:22:02.393864+00:00
hpsf-e885c172785697fc,hospital,HPSF,HPSF,"Hospital Pakar Sultanah Fatimah, Muar",Johor,Delivery / Maternity,Forceps / vacuum delivery,Forceps / vacuum delivery,delivery charge,Malaysian,citizen,,Class 1,,600.0,,RM 600,,Hospital Pakar Sultanah Fatimah Official Website,https://jknjohor.moh.gov.my/hpsf/caj-bayaran/,2024-04-17,2026-08-25T14:22:02.393864+00:00
hpsf-13a9842e5d674e2a,hospital,HPSF,HPSF,"Hospital Pakar Sultanah Fatimah, Muar",Johor,Delivery / Maternity,Forceps / vacuum delivery,Forceps / vacuum delivery,delivery charge,Malaysian,citizen,,Class 2,,200.0,,RM 200,,Hospital Pakar Sultanah Fatimah Official Website,https://jknjohor.moh.gov.my/hpsf/caj-bayaran/,2024-04-17,2026-08-25T14:22:02.393864+00:00
hpsf-86f485a9e0eb571e,hospital,HPSF,HPSF,"Hospital Pakar Sultanah Fatimah, Muar",Johor,Delivery / Maternity,Forceps / vacuum delivery,Forceps / vacuum delivery,delivery charge,Malaysian,citizen,,Class 3,,50.0,,RM 50,,Hospital Pakar Sultanah Fatimah Official Website,https://jknjohor.moh.gov.my/hpsf/caj-bayaran/,2024-04-17,2026-08-25T14:22:02.393864+00:00
hpsf-0efde72694621e9c,hospital,HPSF,HPSF,"Hospital Pakar Sultanah Fatimah, Muar",Johor,Delivery / Maternity,Forceps / vacuum delivery,Forceps / vacuum delivery,delivery charge,Non-Malaysian,foreigner,,,,2593.0,,"RM 2,593",,Hospital Pakar Sultanah Fatimah Official Website,https://jknjohor.moh.gov.my/hpsf/caj-bayaran/,2024-04-17,2026-08-25T14:22:02.393864+00:00
hpsf-278f07ec57ef4859,hospital,HPSF,HPSF,"Hospital Pakar Sultanah Fatimah, Muar",Johor,Delivery / Maternity,Breech delivery,Breech delivery,delivery charge,Malaysian,citizen,,Class 1,,600.0,,RM 600,,Hospital Pakar Sultanah Fatimah Official Website,https://jknjohor.moh.gov.my/hpsf/caj-bayaran/,2024-04-17,2026-08-25T14:22:02.393864+00:00
hpsf-ed9fbc3b11ea25a5,hospital,HPSF,HPSF,"Hospital Pakar Sultanah Fatimah, Muar",Johor,Delivery / Maternity,Breech delivery,Breech delivery,delivery charge,Malaysian,citizen,,Class 2,,200.0,,RM 200,,Hospital Pakar Sultanah Fatimah Official Website,https://jknjohor.moh.gov.my/hpsf/caj-bayaran/,2024-04-17,2026-08-25T14:22:02.393864+00:00
hpsf-4d8d891e82bba139,hospital,HPSF,HPSF,"Hospital Pakar Sultanah Fatimah, Muar",Johor,Delivery / Maternity,Breech delivery,Breech delivery,delivery charge,Malaysian,citizen,,Class 3,,50.0,,RM 50,,Hospital Pakar Sultanah Fatimah Official Website,https://jknjohor.moh.gov.my/hpsf/caj-bayaran/,2024-04-17,2026-08-25T14:22:02.393864+00:00
hpsf-601ff68c31a90b3f,hospital,HPSF,HPSF,"Hospital Pakar Sultanah Fatimah, Muar",Johor,Delivery / Maternity,Breech delivery,Breech delivery,delivery charge,Non-Malaysian,foreigner,,,,2593.0,,"RM 2,593",,Hospital Pakar Sultanah Fatimah Official Website,https://jknjohor.moh.gov.my/hpsf/caj-bayaran/,2024-04-17,2026-08-25T14:22:02.393864+00:00
hpsf-c03060b453342746,hospital,HPSF,HPSF,"Hospital Pakar Sultanah Fatimah, Muar",Johor,Delivery / Maternity,Twin delivery,Twin delivery,delivery charge,Non-Malaysian,foreigner,,,,2593.0,,"RM 2,593",,Hospital Pakar Sultanah Fatimah Official Website,https://jknjohor.moh.gov.my/hpsf/caj-bayaran/,2024-04-17,2026-08-25T14:22:02.393864+00:00
hpsf-49ff7cb30ef6822e,hospital,HPSF,HPSF,"Hospital Pakar Sultanah Fatimah, Muar",Johor,Radiology / Imaging,CT brain,CT brain,diagnostic investigation,Non-Malaysian,foreigner,,,,915.0,,RM 915,,Hospital Pakar Sultanah Fatimah Official Website,https://jknjohor.moh.gov.my/hpsf/caj-bayaran/,2024-04-17,2026-08-25T14:22:02.393864+00:00
hpsf-1bd5e82ddcaed7c0,hospital,HPSF,HPSF,"Hospital Pakar Sultanah Fatimah, Muar",Johor,Radiology / Imaging,CT cervical spine,CT cervical spine,diagnostic investigation,Non-Malaysian,foreigner,,,,745.0,,RM 745,,Hospital Pakar Sultanah Fatimah Official Website,https://jknjohor.moh.gov.my/hpsf/caj-bayaran/,2024-04-17,2026-08-25T14:22:02.393864+00:00
hpsf-8eab626f0847f1f1,hospital,HPSF,HPSF,"Hospital Pakar Sultanah Fatimah, Muar",Johor,Radiology / Imaging,Electrocardiogram (ECG),Electrocardiogram (ECG),diagnostic investigation,Non-Malaysian,foreigner,,,,80.0,,RM 80,,Hospital Pakar Sultanah Fatimah Official Website,https://jknjohor.moh.gov.my/hpsf/caj-bayaran/,2024-04-17,2026-08-25T14:22:02.393864+00:00
hpsf-4d8e5a1b58ce7c60,hospital,HPSF,HPSF,"Hospital Pakar Sultanah Fatimah, Muar",Johor,Radiology / Imaging,FAST / ultrasound,FAST / ultrasound,diagnostic investigation,Non-Malaysian,foreigner,,,,150.0,,RM 150,,Hospital Pakar Sultanah Fatimah Official Website,https://jknjohor.moh.gov.my/hpsf/caj-bayaran/,2024-04-17,2026-08-25T14:22:02.393864+00:00
hpsf-cd2e28ce4f00f312,hospital,HPSF,HPSF,"Hospital Pakar Sultanah Fatimah, Muar",Johor,Radiology / Imaging,X-ray cervical spine,X-ray cervical spine,diagnostic investigation,Non-Malaysian,foreigner,,,,60.0,,RM 60,,Hospital Pakar Sultanah Fatimah Official Website,https://jknjohor.moh.gov.my/hpsf/caj-bayaran/,2024-04-17,2026-08-25T14:22:02.393864+00:00
hpsf-6d57041109dc6b33,hospital,HPSF,HPSF,"Hospital Pakar Sultanah Fatimah, Muar",Johor,Radiology / Imaging,X-ray shoulder,X-ray shoulder,diagnostic investigation,Non-Malaysian,foreigner,,,,60.0,,RM 60,,Hospital Pakar Sultanah Fatimah Official Website,https://jknjohor.moh.gov.my/hpsf/caj-bayaran/,2024-04-17,2026-08-25T14:22:02.393864+00:00
hpsf-3d509acc5ffb9bfb,hospital,HPSF,HPSF,"Hospital Pakar Sultanah Fatimah, Muar",Johor,Radiology / Imaging,X-ray arm / humerus,X-ray arm / humerus,diagnostic investigation,Non-Malaysian,foreigner,,,,60.0,,RM 60,,Hospital Pakar Sultanah Fatimah Official Website,https://jknjohor.moh.gov.my/hpsf/caj-bayaran/,2024-04-17,2026-08-25T14:22:02.393864+00:00
hpsf-293776d1c125b58a,hospital,HPSF,HPSF,"Hospital Pakar Sultanah Fatimah, Muar",Johor,Radiology / Imaging,X-ray elbow,X-ray elbow,diagnostic investigation,Non-Malaysian,foreigner,,,,60.0,,RM 60,,Hospital Pakar Sultanah Fatimah Official Website,https://jknjohor.moh.gov.my/hpsf/caj-bayaran/,2024-04-17,2026-08-25T14:22:02.393864+00:00
hpsf-098708c056adfa4c,hospital,HPSF,HPSF,"Hospital Pakar Sultanah Fatimah, Muar",Johor,Radiology / Imaging,X-ray forearm,X-ray forearm,diagnostic investigation,Non-Malaysian,foreigner,,,,60.0,,RM 60,,Hospital Pakar Sultanah Fatimah Official Website,https://jknjohor.moh.gov.my/hpsf/caj-bayaran/,2024-04-17,2026-08-25T14:22:02.393864+00:00
hpsf-99b28891ec017931,hospital,HPSF,HPSF,"Hospital Pakar Sultanah Fatimah, Muar",Johor,Radiology / Imaging,X-ray wrist,X-ray wrist,diagnostic investigation,Non-Malaysian,foreigner,,,,60.0,,RM 60,,Hospital Pakar Sultanah Fatimah Official Website,https://jknjohor.moh.gov.my/hpsf/caj-bayaran/,2024-04-17,2026-08-25T14:22:02.393864+00:00
hpsf-3316feeacc7f0b06,hospital,HPSF,HPSF,"Hospital Pakar Sultanah Fatimah, Muar",Johor,Radiology / Imaging,X-ray hand,X-ray hand,diagnostic investigation,Non-Malaysian,foreigner,,,,60.0,,RM 60,,Hospital Pakar Sultanah Fatimah Official Website,https://jknjohor.moh.gov.my/hpsf/caj-bayaran/,2024-04-17,2026-08-25T14:22:02.393864+00:00
hpsf-4141e2fb3c875ca8,hospital,HPSF,HPSF,"Hospital Pakar Sultanah Fatimah, Muar",Johor,Radiology / Imaging,X-ray femur,X-ray femur,diagnostic investigation,Non-Malaysian,foreigner,,,,60.0,,RM 60,,Hospital Pakar Sultanah Fatimah Official Website,https://jknjohor.moh.gov.my/hpsf/caj-bayaran/,2024-04-17,2026-08-25T14:22:02.393864+00:00
hpsf-c596a1f669b39fed,hospital,HPSF,HPSF,"Hospital Pakar Sultanah Fatimah, Muar",Johor,Radiology / Imaging,X-ray knee,X-ray knee,diagnostic investigation,Non-Malaysian,foreigner,,,,60.0,,RM 60,,Hospital Pakar Sultanah Fatimah Official Website,https://jknjohor.moh.gov.my/hpsf/caj-bayaran/,2024-04-17,2026-08-25T14:22:02.393864+00:00
hpsf-6999b7c493dc6ec1,hospital,HPSF,HPSF,"Hospital Pakar Sultanah Fatimah, Muar",Johor,Radiology / Imaging,X-ray lower leg,X-ray lower leg,diagnostic investigation,Non-Malaysian,foreigner,,,,60.0,,RM 60,,Hospital Pakar Sultanah Fatimah Official Website,https://jknjohor.moh.gov.my/hpsf/caj-bayaran/,2024-04-17,2026-08-25T14:22:02.393864+00:00
hpsf-c1fecabf092207e7,hospital,HPSF,HPSF,"Hospital Pakar Sultanah Fatimah, Muar",Johor,Radiology / Imaging,X-ray ankle,X-ray ankle,diagnostic investigation,Non-Malaysian,foreigner,,,,60.0,,RM 60,,Hospital Pakar Sultanah Fatimah Official Website,https://jknjohor.moh.gov.my/hpsf/caj-bayaran/,2024-04-17,2026-08-25T14:22:02.393864+00:00
hpsf-0ab594006855b93d,hospital,HPSF,HPSF,"Hospital Pakar Sultanah Fatimah, Muar",Johor,Radiology / Imaging,X-ray foot,X-ray foot,diagnostic investigation,Non-Malaysian,foreigner,,,,60.0,,RM 60,,Hospital Pakar Sultanah Fatimah Official Website,https://jknjohor.moh.gov.my/hpsf/caj-bayaran/,2024-04-17,2026-08-25T14:22:02.393864+00:00
hpsf-430f5f2f04c1ed15,hospital,HPSF,HPSF,"Hospital Pakar Sultanah Fatimah, Muar",Johor,Radiology / Imaging,X-ray chest,X-ray chest,diagnostic investigation,Non-Malaysian,foreigner,,,,40.0,,RM 40,,Hospital Pakar Sultanah Fatimah Official Website,https://jknjohor.moh.gov.my/hpsf/caj-bayaran/,2024-04-17,2026-08-25T14:22:02.393864+00:00
hpsf-a255ddfb1f1d7957,hospital,HPSF,HPSF,"Hospital Pakar Sultanah Fatimah, Muar",Johor,Radiology / Imaging,X-ray abdomen,X-ray abdomen,diagnostic investigation,Non-Malaysian,foreigner,,,,40.0,,RM 40,,Hospital Pakar Sultanah Fatimah Official Website,https://jknjohor.moh.gov.my/hpsf/caj-bayaran/,2024-04-17,2026-08-25T14:22:02.393864+00:00
hpsf-e323c6f96fb44ce6,hospital,HPSF,HPSF,"Hospital Pakar Sultanah Fatimah, Muar",Johor,Radiology / Imaging,X-ray pelvis - single view,X-ray pelvis - single view,diagnostic investigation,Non-Malaysian,foreigner,,,,45.0,,RM 45,,Hospital Pakar Sultanah Fatimah Official Website,https://jknjohor.moh.gov.my/hpsf/caj-bayaran/,2024-04-17,2026-08-25T14:22:02.393864+00:00
hpsf-5802bec404332d44,hospital,HPSF,HPSF,"Hospital Pakar Sultanah Fatimah, Muar",Johor,Radiology / Imaging,X-ray pelvis - two views,X-ray pelvis - two views,diagnostic investigation,Non-Malaysian,foreigner,,,,65.0,,RM 65,,Hospital Pakar Sultanah Fatimah Official Website,https://jknjohor.moh.gov.my/hpsf/caj-bayaran/,2024-04-17,2026-08-25T14:22:02.393864+00:00
hpsf-2fb5314bde1b9034,hospital,HPSF,HPSF,"Hospital Pakar Sultanah Fatimah, Muar",Johor,Radiology / Imaging,X-ray skull - single view,X-ray skull - single view,diagnostic investigation,Non-Malaysian,foreigner,,,,40.0,,RM 40,,Hospital Pakar Sultanah Fatimah Official Website,https://jknjohor.moh.gov.my/hpsf/caj-bayaran/,2024-04-17,2026-08-25T14:22:02.393864+00:00
hpsf-05112d46d07a86e6,hospital,HPSF,HPSF,"Hospital Pakar Sultanah Fatimah, Muar",Johor,Radiology / Imaging,X-ray skull - two views,X-ray skull - two views,diagnostic investigation,Non-Malaysian,foreigner,,,,60.0,,RM 60,,Hospital Pakar Sultanah Fatimah Official Website,https://jknjohor.moh.gov.my/hpsf/caj-bayaran/,2024-04-17,2026-08-25T14:22:02.393864+00:00
hpsf-bf3af4b5ec7a3efb,hospital,HPSF,HPSF,"Hospital Pakar Sultanah Fatimah, Muar",Johor,Laboratory,Glucose,Glucose,laboratory test,Non-Malaysian,foreigner,,,,10.0,,RM 10,,Hospital Pakar Sultanah Fatimah Official Website,https://jknjohor.moh.gov.my/hpsf/caj-bayaran/,2024-04-17,2026-08-25T14:22:02.393864+00:00
hpsf-0858e7e41ba1d532,hospital,HPSF,HPSF,"Hospital Pakar Sultanah Fatimah, Muar",Johor,Laboratory,Urine FEME,Urine FEME,laboratory test,Non-Malaysian,foreigner,,,,40.0,,RM 40,,Hospital Pakar Sultanah Fatimah Official Website,https://jknjohor.moh.gov.my/hpsf/caj-bayaran/,2024-04-17,2026-08-25T14:22:02.393864+00:00
hpsf-e6f9f4a69f72f55d,hospital,HPSF,HPSF,"Hospital Pakar Sultanah Fatimah, Muar",Johor,Laboratory,Full blood count,Full blood count,laboratory test,Non-Malaysian,foreigner,,,,40.0,,RM 40,,Hospital Pakar Sultanah Fatimah Official Website,https://jknjohor.moh.gov.my/hpsf/caj-bayaran/,2024-04-17,2026-08-25T14:22:02.393864+00:00
hpsf-05eb906092b510ca,hospital,HPSF,HPSF,"Hospital Pakar Sultanah Fatimah, Muar",Johor,Laboratory,Cardiac enzyme,Cardiac enzyme,laboratory test,Non-Malaysian,foreigner,,,,48.0,,RM 48,,Hospital Pakar Sultanah Fatimah Official Website,https://jknjohor.moh.gov.my/hpsf/caj-bayaran/,2024-04-17,2026-08-25T14:22:02.393864+00:00
hpsf-a2ad5c10cbddc9b3,hospital,HPSF,HPSF,"Hospital Pakar Sultanah Fatimah, Muar",Johor,Laboratory,Blood gases,Blood gases,laboratory test,Non-Malaysian,foreigner,,,,65.0,,RM 65,,Hospital Pakar Sultanah Fatimah Official Website,https://jknjohor.moh.gov.my/hpsf/caj-bayaran/,2024-04-17,2026-08-25T14:22:02.393864+00:00
hpsf-6452138a0e582b60,hospital,HPSF,HPSF,"Hospital Pakar Sultanah Fatimah, Muar",Johor,Laboratory,Urine pregnancy test,Urine pregnancy test,laboratory test,Non-Malaysian,foreigner,,,,40.0,,RM 40,,Hospital Pakar Sultanah Fatimah Official Website,https://jknjohor.moh.gov.my/hpsf/caj-bayaran/,2024-04-17,2026-08-25T14:22:02.393864+00:00
hpsf-4f7b17ac00359db5,hospital,HPSF,HPSF,"Hospital Pakar Sultanah Fatimah, Muar",Johor,Laboratory,Blood urea and serum electrolytes,Blood urea and serum electrolytes,laboratory test,Non-Malaysian,foreigner,,,,38.0,,RM 38,,Hospital Pakar Sultanah Fatimah Official Website,https://jknjohor.moh.gov.my/hpsf/caj-bayaran/,2024-04-17,2026-08-25T14:22:02.393864+00:00
hpsf-9cf3c9ce298568f5,hospital,HPSF,HPSF,"Hospital Pakar Sultanah Fatimah, Muar",Johor,Laboratory,Creatinine,Creatinine,laboratory test,Non-Malaysian,foreigner,,,,35.0,,RM 35,,Hospital Pakar Sultanah Fatimah Official Website,https://jknjohor.moh.gov.my/hpsf/caj-bayaran/,2024-04-17,2026-08-25T14:22:02.393864+00:00
hpsf-3ea1b008fd85b000,hospital,HPSF,HPSF,"Hospital Pakar Sultanah Fatimah, Muar",Johor,Laboratory,Renal profile,Renal profile,laboratory test,Non-Malaysian,foreigner,,,,80.0,,RM 80,,Hospital Pakar Sultanah Fatimah Official Website,https://jknjohor.moh.gov.my/hpsf/caj-bayaran/,2024-04-17,2026-08-25T14:22:02.393864+00:00
hpsf-8a11065de093a0cb,hospital,HPSF,HPSF,"Hospital Pakar Sultanah Fatimah, Muar",Johor,Laboratory,Calcium,Calcium,laboratory test,Non-Malaysian,foreigner,,,,20.0,,RM 20,,Hospital Pakar Sultanah Fatimah Official Website,https://jknjohor.moh.gov.my/hpsf/caj-bayaran/,2024-04-17,2026-08-25T14:22:02.393864+00:00
hpsf-4924626fa2d98428,hospital,HPSF,HPSF,"Hospital Pakar Sultanah Fatimah, Muar",Johor,Laboratory,Phosphate,Phosphate,laboratory test,Non-Malaysian,foreigner,,,,20.0,,RM 20,,Hospital Pakar Sultanah Fatimah Official Website,https://jknjohor.moh.gov.my/hpsf/caj-bayaran/,2024-04-17,2026-08-25T14:22:02.393864+00:00
hpsf-d9063856da6b3b24,hospital,HPSF,HPSF,"Hospital Pakar Sultanah Fatimah, Muar",Johor,Laboratory,Magnesium,Magnesium,laboratory test,Non-Malaysian,foreigner,,,,15.0,,RM 15,,Hospital Pakar Sultanah Fatimah Official Website,https://jknjohor.moh.gov.my/hpsf/caj-bayaran/,2024-04-17,2026-08-25T14:22:02.393864+00:00
hpsf-8867340f2bb85c9c,hospital,HPSF,HPSF,"Hospital Pakar Sultanah Fatimah, Muar",Johor,Laboratory,Random blood sugar,Random blood sugar,laboratory test,Non-Malaysian,foreigner,,,,20.0,,RM 20,,Hospital Pakar Sultanah Fatimah Official Website,https://jknjohor.moh.gov.my/hpsf/caj-bayaran/,2024-04-17,2026-08-25T14:22:02.393864+00:00
hpsf-348be207ac6c2109,hospital,HPSF,HPSF,"Hospital Pakar Sultanah Fatimah, Muar",Johor,Laboratory,Liver function test,Liver function test,laboratory test,Non-Malaysian,foreigner,,,,100.0,,RM 100,,Hospital Pakar Sultanah Fatimah Official Website,https://jknjohor.moh.gov.my/hpsf/caj-bayaran/,2024-04-17,2026-08-25T14:22:02.393864+00:00
hpsf-e892b2819ad19fce,hospital,HPSF,HPSF,"Hospital Pakar Sultanah Fatimah, Muar",Johor,Laboratory,Total serum bilirubin,Total serum bilirubin,laboratory test,Non-Malaysian,foreigner,,,,20.0,,RM 20,,Hospital Pakar Sultanah Fatimah Official Website,https://jknjohor.moh.gov.my/hpsf/caj-bayaran/,2024-04-17,2026-08-25T14:22:02.393864+00:00
hpsf-372adf94126fac25,hospital,HPSF,HPSF,"Hospital Pakar Sultanah Fatimah, Muar",Johor,Laboratory,Amylase,Amylase,laboratory test,Non-Malaysian,foreigner,,,,20.0,,RM 20,,Hospital Pakar Sultanah Fatimah Official Website,https://jknjohor.moh.gov.my/hpsf/caj-bayaran/,2024-04-17,2026-08-25T14:22:02.393864+00:00
hpsf-15235a86ffff0a9d,hospital,HPSF,HPSF,"Hospital Pakar Sultanah Fatimah, Muar",Johor,Laboratory,Prothrombin time,Prothrombin time,laboratory test,Non-Malaysian,foreigner,,,,30.0,,RM 30,,Hospital Pakar Sultanah Fatimah Official Website,https://jknjohor.moh.gov.my/hpsf/caj-bayaran/,2024-04-17,2026-08-25T14:22:02.393864+00:00
hpsf-53764972039f3942,hospital,HPSF,HPSF,"Hospital Pakar Sultanah Fatimah, Muar",Johor,Laboratory,Partial thromboplastin time,Partial thromboplastin time,laboratory test,Non-Malaysian,foreigner,,,,115.0,,RM 115,,Hospital Pakar Sultanah Fatimah Official Website,https://jknjohor.moh.gov.my/hpsf/caj-bayaran/,2024-04-17,2026-08-25T14:22:02.393864+00:00
hpsf-0c7f6127e53fe750,hospital,HPSF,HPSF,"Hospital Pakar Sultanah Fatimah, Muar",Johor,Laboratory,International normalized ratio,International normalized ratio,laboratory test,Non-Malaysian,foreigner,,,,115.0,,RM 115,,Hospital Pakar Sultanah Fatimah Official Website,https://jknjohor.moh.gov.my/hpsf/caj-bayaran/,2024-04-17,2026-08-25T14:22:02.393864+00:00
hpsf-71822777395ab4b7,hospital,HPSF,HPSF,"Hospital Pakar Sultanah Fatimah, Muar",Johor,Laboratory,Arterial blood gas,Arterial blood gas,laboratory test,Non-Malaysian,foreigner,,,,65.0,,RM 65,,Hospital Pakar Sultanah Fatimah Official Website,https://jknjohor.moh.gov.my/hpsf/caj-bayaran/,2024-04-17,2026-08-25T14:22:02.393864+00:00
hpsf-86520244952dc96a,hospital,HPSF,HPSF,"Hospital Pakar Sultanah Fatimah, Muar",Johor,Laboratory,Venous blood gas,Venous blood gas,laboratory test,Non-Malaysian,foreigner,,,,65.0,,RM 65,,Hospital Pakar Sultanah Fatimah Official Website,https://jknjohor.moh.gov.my/hpsf/caj-bayaran/,2024-04-17,2026-08-25T14:22:02.393864+00:00
hpsf-bd577b8113fc46e7,hospital,HPSF,HPSF,"Hospital Pakar Sultanah Fatimah, Muar",Johor,Laboratory,Dengue serology,Dengue serology,laboratory test,Non-Malaysian,foreigner,,,,60.0,,RM 60,,Hospital Pakar Sultanah Fatimah Official Website,https://jknjohor.moh.gov.my/hpsf/caj-bayaran/,2024-04-17,2026-08-25T14:22:02.393864+00:00
hpsf-4b2dab6d13601bf8,hospital,HPSF,HPSF,"Hospital Pakar Sultanah Fatimah, Muar",Johor,Laboratory,Blood film for malaria parasite,Blood film for malaria parasite,laboratory test,Non-Malaysian,foreigner,,,,15.0,,RM 15,,Hospital Pakar Sultanah Fatimah Official Website,https://jknjohor.moh.gov.my/hpsf/caj-bayaran/,2024-04-17,2026-08-25T14:22:02.393864+00:00
hpsf-d9e726195162dfed,hospital,HPSF,HPSF,"Hospital Pakar Sultanah Fatimah, Muar",Johor,Laboratory,Blood culture and sensitivity - aerobic,Blood culture and sensitivity - aerobic,laboratory test,Non-Malaysian,foreigner,,,,40.0,,RM 40,,Hospital Pakar Sultanah Fatimah Official Website,https://jknjohor.moh.gov.my/hpsf/caj-bayaran/,2024-04-17,2026-08-25T14:22:02.393864+00:00
hpsf-8605ec4d34effb1a,hospital,HPSF,HPSF,"Hospital Pakar Sultanah Fatimah, Muar",Johor,Laboratory,Blood culture and sensitivity - anaerobic,Blood culture and sensitivity - anaerobic,laboratory test,Non-Malaysian,foreigner,,,,40.0,,RM 40,,Hospital Pakar Sultanah Fatimah Official Website,https://jknjohor.moh.gov.my/hpsf/caj-bayaran/,2024-04-17,2026-08-25T14:22:02.393864+00:00
hpsf-5bf4cad9a678b858,hospital,HPSF,HPSF,"Hospital Pakar Sultanah Fatimah, Muar",Johor,Laboratory,Group screen and hold,Group screen and hold,laboratory test,Non-Malaysian,foreigner,,,,68.0,,RM 68,,Hospital Pakar Sultanah Fatimah Official Website,https://jknjohor.moh.gov.my/hpsf/caj-bayaran/,2024-04-17,2026-08-25T14:22:02.393864+00:00
hpsf-7ecbccd616cb0b92,hospital,HPSF,HPSF,"Hospital Pakar Sultanah Fatimah, Muar",Johor,Laboratory,Group and crossmatch,Group and crossmatch,laboratory test,Non-Malaysian,foreigner,,,,11.0,,RM 11,,Hospital Pakar Sultanah Fatimah Official Website,https://jknjohor.moh.gov.my/hpsf/caj-bayaran/,2024-04-17,2026-08-25T14:22:02.393864+00:00
hpsf-026eb165b2feb4a5,hospital,HPSF,HPSF,"Hospital Pakar Sultanah Fatimah, Muar",Johor,Laboratory,Rapid test kit,Rapid test kit,laboratory test,Non-Malaysian,foreigner,,,,120.0,,RM 120,,Hospital Pakar Sultanah Fatimah Official Website,https://jknjohor.moh.gov.my/hpsf/caj-bayaran/,2024-04-17,2026-08-25T14:22:02.393864+00:00
hpsf-23bd744b853dcc78,hospital,HPSF,HPSF,"Hospital Pakar Sultanah Fatimah, Muar",Johor,Procedures,Dressing,Dressing,procedure fee,Non-Malaysian,foreigner,,,,40.0,,RM 40,,Hospital Pakar Sultanah Fatimah Official Website,https://jknjohor.moh.gov.my/hpsf/caj-bayaran/,2024-04-17,2026-08-25T14:22:02.393864+00:00
hpsf-12321533fa0aaf35,hospital,HPSF,HPSF,"Hospital Pakar Sultanah Fatimah, Muar",Johor,Procedures,Toilet and suturing - per stitch,Toilet and suturing - per stitch,procedure fee,Non-Malaysian,foreigner,,,,50.0,,RM 50,,Hospital Pakar Sultanah Fatimah Official Website,https://jknjohor.moh.gov.my/hpsf/caj-bayaran/,2024-04-17,2026-08-25T14:22:02.393864+00:00
hpsf-62f876655a4b1116,hospital,HPSF,HPSF,"Hospital Pakar Sultanah Fatimah, Muar",Johor,Procedures,Toilet and suturing - per stitch,Toilet and suturing - per stitch,procedure fee,Malaysian,citizen,,,,10.0,,RM 10,,Hospital Pakar Sultanah Fatimah Official Website,https://jknjohor.moh.gov.my/hpsf/caj-bayaran/,2024-04-17,2026-08-25T14:22:02.393864+00:00
hpsf-4e6a132f04847010,hospital,HPSF,HPSF,"Hospital Pakar Sultanah Fatimah, Muar",Johor,Procedures,CBD,CBD,procedure fee,Non-Malaysian,foreigner,,,,40.0,,RM 40,,Hospital Pakar Sultanah Fatimah Official Website,https://jknjohor.moh.gov.my/hpsf/caj-bayaran/,2024-04-17,2026-08-25T14:22:02.393864+00:00
hpsf-522122bc93e6dc54,hospital,HPSF,HPSF,"Hospital Pakar Sultanah Fatimah, Muar",Johor,Procedures,CBD,CBD,procedure fee,Malaysian,citizen,,,,10.0,,RM 10,,Hospital Pakar Sultanah Fatimah Official Website,https://jknjohor.moh.gov.my/hpsf/caj-bayaran/,2024-04-17,2026-08-25T14:22:02.393864+00:00
hpsf-6dc73688410d1dcf,hospital,HPSF,HPSF,"Hospital Pakar Sultanah Fatimah, Muar",Johor,Procedures,Plaster of Paris,Plaster of Paris,procedure fee,Non-Malaysian,foreigner,,,,800.0,,RM 800,,Hospital Pakar Sultanah Fatimah Official Website,https://jknjohor.moh.gov.my/hpsf/caj-bayaran/,2024-04-17,2026-08-25T14:22:02.393864+00:00
hpsf-a7e1fbae1cd815e0,hospital,HPSF,HPSF,"Hospital Pakar Sultanah Fatimah, Muar",Johor,Procedures,Plaster of Paris,Plaster of Paris,procedure fee,Malaysian,citizen,,,,20.0,,RM 20,,Hospital Pakar Sultanah Fatimah Official Website,https://jknjohor.moh.gov.my/hpsf/caj-bayaran/,2024-04-17,2026-08-25T14:22:02.393864+00:00
hpsf-5f87b2125f3948de,hospital,HPSF,HPSF,"Hospital Pakar Sultanah Fatimah, Muar",Johor,Procedures,Incision and drainage,Incision and drainage,procedure fee,Non-Malaysian,foreigner,,,,275.0,,RM 275,,Hospital Pakar Sultanah Fatimah Official Website,https://jknjohor.moh.gov.my/hpsf/caj-bayaran/,2024-04-17,2026-08-25T14:22:02.393864+00:00
hpsf-ab9d535b5fd60e76,hospital,HPSF,HPSF,"Hospital Pakar Sultanah Fatimah, Muar",Johor,Procedures,Incision and drainage,Incision and drainage,procedure fee,Malaysian,citizen,,,,10.0,,RM 10,,Hospital Pakar Sultanah Fatimah Official Website,https://jknjohor.moh.gov.my/hpsf/caj-bayaran/,2024-04-17,2026-08-25T14:22:02.393864+00:00
hpsf-f61faa402014e40f,hospital,HPSF,HPSF,"Hospital Pakar Sultanah Fatimah, Muar",Johor,Procedures,Taping / bandaging / strapping,Taping / bandaging / strapping,procedure fee,Non-Malaysian,foreigner,,,,120.0,,RM 120,,Hospital Pakar Sultanah Fatimah Official Website,https://jknjohor.moh.gov.my/hpsf/caj-bayaran/,2024-04-17,2026-08-25T14:22:02.393864+00:00
hpsf-da2ac98932a8b630,hospital,HPSF,HPSF,"Hospital Pakar Sultanah Fatimah, Muar",Johor,Procedures,Simple foreign-body removal,Simple foreign-body removal,procedure fee,Non-Malaysian,foreigner,,,,120.0,,RM 120,,Hospital Pakar Sultanah Fatimah Official Website,https://jknjohor.moh.gov.my/hpsf/caj-bayaran/,2024-04-17,2026-08-25T14:22:02.393864+00:00
hpsf-2e152cbed025130e,hospital,HPSF,HPSF,"Hospital Pakar Sultanah Fatimah, Muar",Johor,Procedures,Simple foreign-body removal,Simple foreign-body removal,procedure fee,Malaysian,citizen,,,,10.0,,RM 10,,Hospital Pakar Sultanah Fatimah Official Website,https://jknjohor.moh.gov.my/hpsf/caj-bayaran/,2024-04-17,2026-08-25T14:22:02.393864+00:00
hpsf-9553144e4a08dc68,hospital,HPSF,HPSF,"Hospital Pakar Sultanah Fatimah, Muar",Johor,Procedures,Foreign body - nose,Foreign body - nose,procedure fee,Non-Malaysian,foreigner,,,,808.0,,RM 808,,Hospital Pakar Sultanah Fatimah Official Website,https://jknjohor.moh.gov.my/hpsf/caj-bayaran/,2024-04-17,2026-08-25T14:22:02.393864+00:00
hpsf-51566dac1482418b,hospital,HPSF,HPSF,"Hospital Pakar Sultanah Fatimah, Muar",Johor,Procedures,Foreign body - nose,Foreign body - nose,procedure fee,Malaysian,citizen,,,,15.0,,RM 15,,Hospital Pakar Sultanah Fatimah Official Website,https://jknjohor.moh.gov.my/hpsf/caj-bayaran/,2024-04-17,2026-08-25T14:22:02.393864+00:00
hpsf-e05c2c373c01f5cf,hospital,HPSF,HPSF,"Hospital Pakar Sultanah Fatimah, Muar",Johor,Procedures,Foreign body - ear,Foreign body - ear,procedure fee,Non-Malaysian,foreigner,,,,778.0,,RM 778,,Hospital Pakar Sultanah Fatimah Official Website,https://jknjohor.moh.gov.my/hpsf/caj-bayaran/,2024-04-17,2026-08-25T14:22:02.393864+00:00
hpsf-48b5d10f2febaecb,hospital,HPSF,HPSF,"Hospital Pakar Sultanah Fatimah, Muar",Johor,Procedures,Foreign body - ear,Foreign body - ear,procedure fee,Malaysian,citizen,,,,15.0,,RM 15,,Hospital Pakar Sultanah Fatimah Official Website,https://jknjohor.moh.gov.my/hpsf/caj-bayaran/,2024-04-17,2026-08-25T14:22:02.393864+00:00
hpsf-fdc089cdbdbd6c48,hospital,HPSF,HPSF,"Hospital Pakar Sultanah Fatimah, Muar",Johor,Procedures,Foreign body - throat,Foreign body - throat,procedure fee,Non-Malaysian,foreigner,,,,1352.0,,"RM 1,352",,Hospital Pakar Sultanah Fatimah Official Website,https://jknjohor.moh.gov.my/hpsf/caj-bayaran/,2024-04-17,2026-08-25T14:22:02.393864+00:00
hpsf-c9ab399f00d84c73,hospital,HPSF,HPSF,"Hospital Pakar Sultanah Fatimah, Muar",Johor,Procedures,Foreign body - throat,Foreign body - throat,procedure fee,Malaysian,citizen,,,,15.0,,RM 15,,Hospital Pakar Sultanah Fatimah Official Website,https://jknjohor.moh.gov.my/hpsf/caj-bayaran/,2024-04-17,2026-08-25T14:22:02.393864+00:00
hpsf-80d5d8af78b76a89,hospital,HPSF,HPSF,"Hospital Pakar Sultanah Fatimah, Muar",Johor,Procedures,Foreign body - vagina,Foreign body - vagina,procedure fee,Non-Malaysian,foreigner,,,,900.0,,RM 900,,Hospital Pakar Sultanah Fatimah Official Website,https://jknjohor.moh.gov.my/hpsf/caj-bayaran/,2024-04-17,2026-08-25T14:22:02.393864+00:00
hpsf-099c818092152ed4,hospital,HPSF,HPSF,"Hospital Pakar Sultanah Fatimah, Muar",Johor,Procedures,Foreign body - vagina,Foreign body - vagina,procedure fee,Malaysian,citizen,,,,15.0,,RM 15,,Hospital Pakar Sultanah Fatimah Official Website,https://jknjohor.moh.gov.my/hpsf/caj-bayaran/,2024-04-17,2026-08-25T14:22:02.393864+00:00
hpsf-d3db04dde7256afa,hospital,HPSF,HPSF,"Hospital Pakar Sultanah Fatimah, Muar",Johor,Procedures,Removal of conjunctival concretions,Removal of conjunctival concretions,procedure fee,Non-Malaysian,foreigner,,,,1208.0,,"RM 1,208",,Hospital Pakar Sultanah Fatimah Official Website,https://jknjohor.moh.gov.my/hpsf/caj-bayaran/,2024-04-17,2026-08-25T14:22:02.393864+00:00
hpsf-5cbb2a4945704c02,hospital,HPSF,HPSF,"Hospital Pakar Sultanah Fatimah, Muar",Johor,Procedures,Removal of conjunctival concretions,Removal of conjunctival concretions,procedure fee,Malaysian,citizen,,,,10.0,,RM 10,,Hospital Pakar Sultanah Fatimah Official Website,https://jknjohor.moh.gov.my/hpsf/caj-bayaran/,2024-04-17,2026-08-25T14:22:02.393864+00:00
hpsf-2795865073719a93,hospital,HPSF,HPSF,"Hospital Pakar Sultanah Fatimah, Muar",Johor,Procedures,Removal of needles / splinters,Removal of needles / splinters,procedure fee,Non-Malaysian,foreigner,,,,1148.0,,"RM 1,148",,Hospital Pakar Sultanah Fatimah Official Website,https://jknjohor.moh.gov.my/hpsf/caj-bayaran/,2024-04-17,2026-08-25T14:22:02.393864+00:00
hpsf-8e1f161798f14e16,hospital,HPSF,HPSF,"Hospital Pakar Sultanah Fatimah, Muar",Johor,Procedures,Removal of needles / splinters,Removal of needles / splinters,procedure fee,Malaysian,citizen,,,,20.0,,RM 20,,Hospital Pakar Sultanah Fatimah Official Website,https://jknjohor.moh.gov.my/hpsf/caj-bayaran/,2024-04-17,2026-08-25T14:22:02.393864+00:00
hpsf-a491c322e8e51655,hospital,HPSF,HPSF,"Hospital Pakar Sultanah Fatimah, Muar",Johor,Procedures,Closed manipulation reduction - tibia/fibula/humerus/radius/ulna,Closed manipulation reduction - tibia/fibula/humerus/radius/ulna,procedure fee,Non-Malaysian,foreigner,,,,1808.0,,"RM 1,808",,Hospital Pakar Sultanah Fatimah Official Website,https://jknjohor.moh.gov.my/hpsf/caj-bayaran/,2024-04-17,2026-08-25T14:22:02.393864+00:00
hpsf-eb5cbf7b3c932bc9,hospital,HPSF,HPSF,"Hospital Pakar Sultanah Fatimah, Muar",Johor,Procedures,Closed manipulation reduction - tibia/fibula/humerus/radius/ulna,Closed manipulation reduction - tibia/fibula/humerus/radius/ulna,procedure fee,Malaysian,citizen,,,,20.0,,RM 20,,Hospital Pakar Sultanah Fatimah Official Website,https://jknjohor.moh.gov.my/hpsf/caj-bayaran/,2024-04-17,2026-08-25T14:22:02.393864+00:00
hpsf-6ac906fc147fd39f,hospital,HPSF,HPSF,"Hospital Pakar Sultanah Fatimah, Muar",Johor,Procedures,Closed manipulation reduction - shoulder/elbow/knee/ankle,Closed manipulation reduction - shoulder/elbow/knee/ankle,procedure fee,Non-Malaysian,foreigner,,,,1558.0,,"RM 1,558",,Hospital Pakar Sultanah Fatimah Official Website,https://jknjohor.moh.gov.my/hpsf/caj-bayaran/,2024-04-17,2026-08-25T14:22:02.393864+00:00
hpsf-2225fd565dbb1397,hospital,HPSF,HPSF,"Hospital Pakar Sultanah Fatimah, Muar",Johor,Procedures,Closed manipulation reduction - shoulder/elbow/knee/ankle,Closed manipulation reduction - shoulder/elbow/knee/ankle,procedure fee,Malaysian,citizen,,,,20.0,,RM 20,,Hospital Pakar Sultanah Fatimah Official Website,https://jknjohor.moh.gov.my/hpsf/caj-bayaran/,2024-04-17,2026-08-25T14:22:02.393864+00:00
hpsf-2aa99fcc08e71379,hospital,HPSF,HPSF,"Hospital Pakar Sultanah Fatimah, Muar",Johor,Procedures,Closed manipulation reduction - Colles fracture,Closed manipulation reduction - Colles fracture,procedure fee,Non-Malaysian,foreigner,,,,1558.0,,"RM 1,558",,Hospital Pakar Sultanah Fatimah Official Website,https://jknjohor.moh.gov.my/hpsf/caj-bayaran/,2024-04-17,2026-08-25T14:22:02.393864+00:00
hpsf-7e2d356b26719443,hospital,HPSF,HPSF,"Hospital Pakar Sultanah Fatimah, Muar",Johor,Procedures,Closed manipulation reduction - Colles fracture,Closed manipulation reduction - Colles fracture,procedure fee,Malaysian,citizen,,,,20.0,,RM 20,,Hospital Pakar Sultanah Fatimah Official Website,https://jknjohor.moh.gov.my/hpsf/caj-bayaran/,2024-04-17,2026-08-25T14:22:02.393864+00:00
hpsf-7199793916e43f0c,hospital,HPSF,HPSF,"Hospital Pakar Sultanah Fatimah, Muar",Johor,Procedures,Closed manipulation reduction - carpus/metacarpus/tarsal/metatarsal/phalanges,Closed manipulation reduction - carpus/metacarpus/tarsal/metatarsal/phalanges,procedure fee,Non-Malaysian,foreigner,,,,2048.0,,"RM 2,048",,Hospital Pakar Sultanah Fatimah Official Website,https://jknjohor.moh.gov.my/hpsf/caj-bayaran/,2024-04-17,2026-08-25T14:22:02.393864+00:00
hpsf-2b5e574a658d44fd,hospital,HPSF,HPSF,"Hospital Pakar Sultanah Fatimah, Muar",Johor,Procedures,Closed manipulation reduction - carpus/metacarpus/tarsal/metatarsal/phalanges,Closed manipulation reduction - carpus/metacarpus/tarsal/metatarsal/phalanges,procedure fee,Malaysian,citizen,,,,20.0,,RM 20,,Hospital Pakar Sultanah Fatimah Official Website,https://jknjohor.moh.gov.my/hpsf/caj-bayaran/,2024-04-17,2026-08-25T14:22:02.393864+00:00
hpsf-c8309019b355edb1,hospital,HPSF,HPSF,"Hospital Pakar Sultanah Fatimah, Muar",Johor,Procedures,Nail avulsion,Nail avulsion,procedure fee,Non-Malaysian,foreigner,,,,1123.0,,"RM 1,123",,Hospital Pakar Sultanah Fatimah Official Website,https://jknjohor.moh.gov.my/hpsf/caj-bayaran/,2024-04-17,2026-08-25T14:22:02.393864+00:00
hpsf-268742bcce906b08,hospital,HPSF,HPSF,"Hospital Pakar Sultanah Fatimah, Muar",Johor,Procedures,Nail avulsion,Nail avulsion,procedure fee,Malaysian,citizen,,,,15.0,,RM 15,,Hospital Pakar Sultanah Fatimah Official Website,https://jknjohor.moh.gov.my/hpsf/caj-bayaran/,2024-04-17,2026-08-25T14:22:02.393864+00:00
